<ImportExportXml version="9.2.25014.228" SolutionPackageVersion="9.2" languagecode="1033" generatedBy="CrmLive" xmlns:xsi="http://www.w3.org/2001/XMLSchema-instance" OrganizationVersion="9.2.25014.228" OrganizationSchemaType="Standard" CRMServerServiceabilityVersion="9.2.25014.00228">
  <SolutionManifest>
    <UniqueName>AgiliciousSolution</UniqueName>
    <LocalizedNames>
      <LocalizedName description="Agilicious Solution" languagecode="1033" />
    </LocalizedNames>
    <Descriptions />
    <Version>1.1.0.7</Version>
    <Managed>0</Managed>
    <Publisher>
      <UniqueName>PhatBrainSoftware</UniqueName>
      <LocalizedNames>
        <LocalizedName description="Phat Brain Software" languagecode="1033" />
      </LocalizedNames>
      <Descriptions />
      <EMailAddress>support@phatbrainsoftware.com</EMailAddress>
      <SupportingWebsiteUrl>phatbrainsoftware.com</SupportingWebsiteUrl>
      <CustomizationPrefix>pbs</CustomizationPrefix>
      <CustomizationOptionValuePrefix>89009</CustomizationOptionValuePrefix>
      <Addresses>
        <Address>
          <AddressNumber>1</AddressNumber>
          <AddressTypeCode>1</AddressTypeCode>
          <City xsi:nil="true"></City>
          <County xsi:nil="true"></County>
          <Country xsi:nil="true"></Country>
          <Fax xsi:nil="true"></Fax>
          <FreightTermsCode xsi:nil="true"></FreightTermsCode>
          <ImportSequenceNumber xsi:nil="true"></ImportSequenceNumber>
          <Latitude xsi:nil="true"></Latitude>
          <Line1 xsi:nil="true"></Line1>
          <Line2 xsi:nil="true"></Line2>
          <Line3 xsi:nil="true"></Line3>
          <Longitude xsi:nil="true"></Longitude>
          <Name xsi:nil="true"></Name>
          <PostalCode xsi:nil="true"></PostalCode>
          <PostOfficeBox xsi:nil="true"></PostOfficeBox>
          <PrimaryContactName xsi:nil="true"></PrimaryContactName>
          <ShippingMethodCode>1</ShippingMethodCode>
          <StateOrProvince xsi:nil="true"></StateOrProvince>
          <Telephone1 xsi:nil="true"></Telephone1>
          <Telephone2 xsi:nil="true"></Telephone2>
          <Telephone3 xsi:nil="true"></Telephone3>
          <TimeZoneRuleVersionNumber xsi:nil="true"></TimeZoneRuleVersionNumber>
          <UPSZone xsi:nil="true"></UPSZone>
          <UTCOffset xsi:nil="true"></UTCOffset>
          <UTCConversionTimeZoneCode xsi:nil="true"></UTCConversionTimeZoneCode>
        </Address>
        <Address>
          <AddressNumber>2</AddressNumber>
          <AddressTypeCode>1</AddressTypeCode>
          <City xsi:nil="true"></City>
          <County xsi:nil="true"></County>
          <Country xsi:nil="true"></Country>
          <Fax xsi:nil="true"></Fax>
          <FreightTermsCode xsi:nil="true"></FreightTermsCode>
          <ImportSequenceNumber xsi:nil="true"></ImportSequenceNumber>
          <Latitude xsi:nil="true"></Latitude>
          <Line1 xsi:nil="true"></Line1>
          <Line2 xsi:nil="true"></Line2>
          <Line3 xsi:nil="true"></Line3>
          <Longitude xsi:nil="true"></Longitude>
          <Name xsi:nil="true"></Name>
          <PostalCode xsi:nil="true"></PostalCode>
          <PostOfficeBox xsi:nil="true"></PostOfficeBox>
          <PrimaryContactName xsi:nil="true"></PrimaryContactName>
          <ShippingMethodCode>1</ShippingMethodCode>
          <StateOrProvince xsi:nil="true"></StateOrProvince>
          <Telephone1 xsi:nil="true"></Telephone1>
          <Telephone2 xsi:nil="true"></Telephone2>
          <Telephone3 xsi:nil="true"></Telephone3>
          <TimeZoneRuleVersionNumber xsi:nil="true"></TimeZoneRuleVersionNumber>
          <UPSZone xsi:nil="true"></UPSZone>
          <UTCOffset xsi:nil="true"></UTCOffset>
          <UTCConversionTimeZoneCode xsi:nil="true"></UTCConversionTimeZoneCode>
        </Address>
      </Addresses>
    </Publisher>
    <RootComponents>
      <RootComponent type="1" schemaName="pbs_agiliciousfilter" behavior="0" />
      <RootComponent type="1" schemaName="pbs_agiliciousnotification" behavior="0" />
      <RootComponent type="1" schemaName="pbs_agiliciousreport" behavior="0" />
      <RootComponent type="9" schemaName="pbs_agiliciousnotificationteamsintegration" behavior="0" />
      <RootComponent type="9" schemaName="pbs_agiliciousnotificationtype" behavior="0" />
      <RootComponent type="20" id="{309888ef-46ff-ef11-bae2-6045bddb4f43}" behavior="0" />
      <RootComponent type="20" id="{db934242-47ff-ef11-bae2-6045bdedb589}" behavior="0" />
      <RootComponent type="29" id="{2c9adaf5-4cff-ef11-bae3-7c1e521c6b1c}" behavior="0" />
      <RootComponent type="29" id="{2eeb3aac-3d03-f011-bae3-6045bdefcd21}" behavior="0" />
      <RootComponent type="29" id="{323017ab-de03-f011-bae2-7c1e5267942b}" behavior="0" />
      <RootComponent type="29" id="{93ba897f-3803-f011-bae2-6045bdfeb5b9}" behavior="0" />
      <RootComponent type="62" schemaName="pbs_AgiliciousAdmin" behavior="0" />
      <RootComponent type="80" schemaName="pbs_AgiliciousAdmin" behavior="0" />
      <RootComponent type="300" schemaName="pbs_agilicious_7bf81" behavior="0" />
    </RootComponents>
    <MissingDependencies>
      <MissingDependency>
        <Required type="61" schemaName="msdyn_/Images/AppModule_Default_Icon.png" displayName="msdyn_/Images/AppModule_Default_Icon.png" solution="AppModuleWebResources (2.5)" />
        <Dependent type="80" schemaName="pbs_AgiliciousAdmin" displayName="Agilicious Admin" />
      </MissingDependency>
      <MissingDependency>
        <Required type="SettingDefinition" displayName="AppChannel" solution="msdyn_AppFrameworkInfraExtensions (1.0.0.12)" id.uniquename="AppChannel">
          <package appName="PowerAppsAppFramework Package" version="1.0.0.16">PowerAppsAppFramework_Anchor (1.0.0.16)</package>
        </Required>
        <Dependent type="AppSetting" displayName="parentappmoduleid.uniquename=pbs_AgiliciousAdmin,settingdefinitionid.uniquename=AppChannel" id.parentappmoduleid.uniquename="pbs_AgiliciousAdmin" id.settingdefinitionid.uniquename="AppChannel" />
      </MissingDependency>
    </MissingDependencies>
  </SolutionManifest>
</ImportExportXml>