{"__Version":"0.1","App":"a765c85f-901b-4977-b209-8d6c44539caf","Test_7F478737223C4B69":"27a92cba-a826-4ee0-9e62-550103aa1f3b","Host":"a043f58c-d33f-487e-abec-dcee960a59a4","FooterComponent":"cac89343-0ba2-4433-8034-df624cbe4f98","FooterComponent_MainContainer":"518b01cd-a808-4784-aa96-6a18210a9a66","FooterComponent_TextCanvas":"d3e60d09-631e-494d-ac20-27c71d0a146a","HeaderComponent":"05a1f336-04ff-41ca-aba0-a78e8e833077","HeaderComponent_MainContainer":"c91acf9e-fc73-43fc-9260-51626947b898","HeaderComponent_LogoImage":"21981b51-184f-46d2-9f50-25c6cc506d17","TitleComponent":"e889f4bf-b6e0-4cd7-80b7-1a99e4a19d26","ContentHeaderComponent_MainContainer":"2946f228-a4e4-4bdd-a58e-3b03444d06eb","ContentHeaderComponent_TextCanvas":"2dfd7f4e-e4e3-4051-a8ac-15686506f51c","MessageBoxComponent":"9cbba9fe-79a7-4472-96a4-1c065c59a1a9","MessageBoxComponent_MainContainer":"69a97daf-2b62-42c6-bf6c-f9b72a64feed","MessageBoxComponent_DialogContainer":"ae2e123f-ae44-446b-8eef-84cc833d4b6c","MessageBoxComponent_CloseButton":"dbe436ae-e039-4c31-82b5-2d19613a78db","MessageBoxComponent_PromptText":"90993602-3618-44db-b58e-b37463863a3b","MessageBoxComponent_ToolbarContainer":"b26e5085-32f0-4c8a-9548-22e265841996","MessageBoxComponent_CancelButton":"a1e335be-3102-474a-9e22-1184aa9faa4f","MessageBoxComponent_ConfirmButton":"34a0c461-2deb-43ee-a657-e7fa2181bb2d","WidgetComponent":"827e1cc2-6cd1-4b87-83bb-e1a28511bbbf","WidgetComponent_NavigateButton":"62ebc177-0207-42e0-a17a-35c8a73c0668","WidgetComponent_MainContainer":"940978ef-cd3e-4575-898c-670e55931288","WidgetComponent_TextContainer":"fae8088d-c757-490e-a9f9-06d236592f78","WidgetComponent_TitleText":"226774f6-1ad7-47b1-8ace-a358c3531e66","WidgetComponent_DescriptionTexts":"c99544e5-2265-4544-a739-5b32d249b7f5","WidgetComponent_IconImage":"6271aad5-0650-4498-a502-8a069bfec667","LoadingScreen":"07d55343-87c6-43f6-9144-2003b1476d43","LoadingScreen_MainContainer":"77e1f50e-9ad7-48b5-be14-c998282a8b20","LoadingScreen_HeaderComponent":"a9c09fe9-341a-49f9-bcfe-9b0764c28e90","LoadingScreen_Timer":"a412b0d9-4ad5-4301-8342-dd0b4a9d8ce0","LoadingScreen_FooterComponent":"98a162cf-fe53-4449-9bfd-7e0e6af656cb","ReportListScreen":"4fbdcca9-3bf5-41fb-8e05-930ce885bb61","ReportListScreen_MainContainer":"50d82f56-21e7-4043-9346-d56c04bfaea3","ReportListScreen_HeaderComponent":"5ce0d499-9c0b-471c-9374-9ce19c0c4c8a","ReportListScreen_ToolbarContainer":"14c90e6b-9125-46a9-ba7b-a60137f9c0ac","ReportListScreen_HomeButton":"5523a742-fc54-43b8-bf7e-05e9191139a7","ReportListScreen_AddReportButton":"68bc8fd9-c6e6-491b-a77b-93b149b9d08c","ReportListScreen_EditButton":"4f2ff3cd-98ab-4398-be8a-8736ccfc75d6","ReportListScreen_TitleText":"7f09b4cf-a95b-4487-b9c2-2610d1c18784","ReportListScreen_DescriptionText":"31932b17-6f2e-405d-9264-000ae5134f3f","ReportListScreen_ListContainer":"f0635923-b020-40bf-8a58-d48bbaab8d1a","ReportListScreen_ReportGallery":"b096b4e6-b5d6-49a5-b633-0268e8e11a8d","99ed0b83-d404-4545-a14d-122acae06fa9":"67dfb2fc-9698-435d-9b24-25e0d18057f5","ReportListScreen_ReportContainer":"5d52d70b-d44b-47f0-9ed6-e07f9195cfd2","ReportListScreen_DateText":"aff6b65e-a1fc-4a8d-816b-e195ee54c2cb","ReportListScreen_DateInput":"a97c4979-6b0e-43e4-a2f9-2ca812745fc1","ReportListScreen_ReportedByText":"056dd06b-4753-47a4-910d-fac861b8c398","ReportListScreen_ReportedByInput":"7fc3319c-e6b2-4bb4-b879-659c33a210bf","ReportListScreen_YesterdayText":"e4ab1a24-787d-4ef8-b386-6e0b8dc944d1","ReportListScreen_YesterdayValue":"b66417f0-487d-4b30-a458-4d724a25bb01","ReportListScreen_TodayText":"ab84df6c-2d09-4eb3-919c-00460a63092d","ReportListScreen_TodayValue":"18254ebe-851e-4cb0-abb2-4425714b5848","ReportListScreen_BlockersText":"0cbb5906-76c5-49e5-ba46-fa589e4348f8","ReportListScreen_BlockersValue":"c0285d42-59b3-46f9-b72c-45cf5b976e29","ReportListScreen_NotesValue":"3b6cd75a-ae67-4279-83c6-e1ff0536da09","ReportListScreen_FooterComponent":"37379c5d-0d13-4543-a434-d70784b3ed7f","ReportEditScreen":"3774ec52-f239-4b99-a5c6-820e17f447d0","ReportEditScreen_MainContainer":"0c587a04-58e0-4275-b878-e326c3420444","ReportEditScreen_HeaderComponent":"53858aeb-c171-485a-9ecb-b5f4bf6f7f79","ReportEditScreen_ToolbarContainer":"35020138-cee1-4518-a182-931f40203873","ReportEditScreen_HomeButton":"b208c413-7c70-4731-9daf-ec0afea2ac05","ReportEditScreen_SaveButton":"87fa3c42-e651-4bf9-b9e1-98a3b723c94f","ReportEditScreen_CancelButton":"ebdd2c59-d2af-4ca5-9acc-8bae3a185f02","ReportEditScreen_DeleteButton":"60d625cd-0184-41e2-aeb8-6af150f69b60","ReportEditScreen_SendNotification":"b1b98110-2884-45e6-bac8-3eda71b11dd9","ReportEditScreen_TitleText":"b186e4eb-fd7e-4e66-9ce4-e637ca6aa95f","ReportEditScreen_FormContainer":"b761104e-fcee-4d73-838b-6dc3e390b464","ReportEditScreen_DateText":"f27f9493-460c-4e2f-9633-63f32514a253","ReportEditScreen_DateInput":"a5b5d771-a816-4c37-be1c-96aa6ac9a0d6","ReportEditScreen_YesterdayText":"f3ada38f-f6be-4d3b-8923-320c4026fdb9","ReportEditScreen_YesterdayInput":"e1ec498c-6b68-4c4d-982c-cedb09d878fa","ReportEditScreen_TodayTextContainer":"7184a428-688d-44c6-aa24-fe23e2b0bf8c","ReportEditScreen_TodayText":"d305186a-909b-4c71-8fdd-c54d17aeaa26","ReportEditScreen_TodayRefreshButton":"ba075e5f-8508-46b3-b274-177ac5f8f34c","ReportEditScreen_TodayInput":"9a6b0556-a470-4fcc-b506-f8159e2a3e7d","ReportEditScreen_TodayErrorText":"96475e5b-5648-4dfb-8d1f-525dc5598b48","ReportEditScreen_TodayHelpText":"5ea134bc-eced-4bbb-ad2d-d4585350487a","ReportEditScreen_BlockersText":"34ddde42-e640-4daf-b4df-dca9d57aef57","ReportEditScreen_BlockersInput":"aa8b03cb-da8a-4ede-9f2d-a95484db62c4","ReportEditScreen_NotesText":"834800c1-ff2f-48d7-ab00-5ad4480042ea","ReportEditScreen_NotesInput":"3d4fc6ed-eac7-4b33-936b-63c60775922c","ReportEditScreen_FooterComponent":"e6ce460f-5985-4b17-8cc9-5b53bad7e4ef","ReportEditScreen_MessageBoxComponent":"3952e915-824a-4cf1-84ef-7e0bf0b90828","FilterEditScreen":"60eea7ad-78d1-4904-8498-9ba857f5cb7d","FilterEditScreen_MainContainer":"3778208e-534e-407a-aca6-23e0096266e2","FilterEditScreen_HeaderComponent":"f477c78b-f4f9-43d5-b071-acc9ef362831","FilterEditScreen_ToolbarContainer":"0cc6e564-af17-435f-a260-fab5db202d3d","FilterEditScreen_SaveButton":"24079ec0-e3c2-4851-971f-9e2568bd0ed1","FilterEditScreen_CancelButton":"c605a2fb-b208-4912-bfbd-875fbdaa0b80","FilterEditScreen_DeleteButton":"45978587-82d0-40cd-abf5-d670eb18baa2","FilterEditScreen_TitleText":"a0a98d3f-3ed9-4746-b3c3-ace500d81a42","FilterEditScreen_FormContainer":"1b0ab3d6-46aa-4526-a349-95a90ec50b00","FilterEditScreen_FilterText":"db571869-46c2-4fb3-b373-ed9b1bb420ba","FilterEditScreen_FilterInput":"d067823d-efa9-4651-b04f-da9ece3ffc97","FilterEditScreen_FilterHelpText":"94c632b3-5be9-4621-9a55-dff245087858","FilterEditScreen_FilterErrorText":"9a473ac3-52e6-4d3d-ae4e-2781f9c2eabb","FilterEditScreen_FooterComponent":"54784584-1a69-4ea4-8458-9be12a250bec","FilterEditScreen_MessageBoxComponent":"81e633b0-2109-4d4a-b09f-bb958dcfd215","FilterListScreen":"51aa69ce-4e0c-4f50-a900-ff48b0c49aad","FilterListScreen_MainContainer":"47b06bb7-de57-48b4-9608-737f5048a165","FilterListScreen_HeaderComponent":"dd8d8615-27ba-4079-bb03-4104670fcf02","FilterListScreen_ToolbarContainer":"7822224d-db3b-4dca-8abb-ae34336d86e1","FilterListScreen_HomeButton":"0655f56e-aa99-47c4-a2e3-8638b7ab667a","FilterListScreen_AddFilterButton":"6ec6a179-873a-4f4e-9fdd-d653c4e98bb2","FilterListScreen_EditButton":"7c98494e-1a7e-4683-aa5e-8a2b4ab2f5c9","FilterListScreen_TitleText":"47f2b47a-6697-42ec-938e-d0e49c7e9513","FilterListScreen_DescriptionText":"0f81133e-78a2-4637-a795-4f169f0d6977","FilterListScreen_ListContainer":"aa399f49-f363-4649-878e-95b75186ffb9","FilterListScreen_FilterContainer":"839eff21-8046-41a4-92b2-136b999c4c60","FilterListScreen_FilterTable":"0548a2af-6d5b-40ee-b0fa-cae650cefdbf","Filter1":"9c9d9c48-c3ef-4477-8199-909e3e0fead3","Is Global1":"93210aaf-91b6-4e5b-9790-2bf92d36fba0","FilterListScreen_FooterComponent":"e0015d2f-15aa-4662-b700-b83eb44fb22b","HomeScreen":"69463572-dea0-4011-8178-4624f145ddfb","HomeScreen_MainContainer":"aa93bfd0-6c7b-4def-8b04-ea4b646cf9df","HomeScreen_HeaderComponent":"d6304c9b-4a4e-4eef-85d3-cf1d17643fe9","HomeScreen_ToolbarContainer":"59404027-6644-44db-a913-50adc77d1318","HomeScreen_AddReportButton":"f172e95d-1c32-46b7-aa75-967376914927","HomeScreen_BannerText":"ca31766c-56d9-4b89-9cac-cafc5cb20a8d","HomeScreen_BannerContainer":"2e1dc021-9e2b-45d4-97ba-689887cf0842","HomeScreen_ReportsWidgetComponent":"f38cc5ce-9fe1-425b-8bee-17e60567561e","HomeScreen_FiltersWidgetComponent":"921f3275-2453-422d-8439-637c6a344830","HomeScreen_NotificationsWidgetComponent":"178bb17c-db0b-486f-ab8a-d92da4ff9371","HomeScreen_RecentReportsText":"cf1b3781-1dc4-4b19-9413-1e3ac0a13e4d","HomeScreen_RecentReportsContainer":"41e92dfe-f25b-4d20-babd-e9f995b2ce5a","HomeScreen_RecentReportsTableContainer":"dc4f5e8e-ef14-4a5a-9ed7-70c1a1bb29aa","HomeScreen_RecentReportsTable":"408bd012-0d36-4b08-bfed-19dd89d237c8","Created On1":"01fdcaf4-7a4c-41d5-97d4-32544ea444ec","Are there any impediments or blockers1":"482e5f89-8963-417b-8059-86fbe5b452e1","What will I do today1":"3f371dff-ad45-4957-aa48-2f34651e89ae","What did I accomplish yesterday1":"6d8d2c89-7d62-4404-9140-5d8432740b4f","Reported On1":"84178fda-b380-4ac3-a3c6-c638f92b07fa","HomeScreen_FooterComponent":"8244a37e-507f-44db-908c-f3db8fabe16c","NotificationListScreen":"fff74efa-d75a-4607-8b98-bb9fc36ea789","NotificationListScreen_MainContainer":"f527a3ab-814e-480d-9e54-e63568027149","NotificationListScreen_HeaderComponent":"a19e28a1-36c5-43a2-80f0-c7117673f527","NotificationListScreen_ToolbarContainer":"4baf0c05-9a52-44ba-bd9e-171e931f7bec","NotificationListScreen_HomeButton":"f9a335d0-9866-476c-939c-727fdaafcef1","NotificationListScreen_AddNotificationButton":"a58fd1d9-3808-4ef1-899e-baaff1188f9c","NotificationListScreen_EditButton":"96c9f126-fcc4-44d9-adbc-e6c18fe0bdeb","NotificationListScreen_TitleText":"33e983d8-96b0-48a5-92cc-76833a47383e","NotificationListScreen_DescriptionText":"0e7c16eb-a065-4840-b805-fb4811e78384","NotificationListScreen_ListContainer":"cea43812-a200-49dc-b54e-1da8c3153ec4","NotificationListScreen_NotificationContainer":"1492d24e-5d5c-4e89-9845-97399c9a050c","NotificationListScreen_NotificationTable":"e4836e38-6d97-4c02-b80e-7a37a188185e","Is Global1_1":"ba6d0aad-f136-4995-98ae-dd581345139c","Name1":"04cc4194-c535-4ca5-bffe-f465e206c013","Agilicious Notification Type1":"10a5f062-84df-491e-9923-709f390fd179","NotificationListScreen_FooterComponent":"08b6cdf6-6354-4e42-b581-080fe9422a41","NotificationEditScreen":"3f6d7bab-21a0-4aa1-b228-98023fd4c10e","NotificationEditScreen_MainContainer":"8571dd22-3cba-4445-9394-a95c994d88c7","NotificationEditScreen_HeaderComponent":"54a46689-ae80-47af-b6f2-880dcdfe5f37","NotificationEditScreen_ToolbarContainer":"ffd19953-d141-4747-a01b-9a78aeb5879d","NotificationEditScreen_SaveButton":"db940144-3415-45c0-a580-72ed920ca61f","NotificationEditScreen_CancelButton":"b65dcc0a-bd61-4b35-a091-e3de32fb7e9b","NotificationEditScreen_DeleteButton":"2563095f-6bf4-4dda-a716-7bb686dc1b2a","NotificationEditScreen_TitleText":"cc2ea40f-584f-46ad-86a3-1bee8a8f5bbd","NotificationEditScreen_FormContainer":"63dba2b1-ce29-4e78-ae41-6b81307111af","NotificationEditScreen_TypeText":"9405cb42-c8e1-4481-a0ea-4e51f1eed26f","NotificationEditScreen_TypeInput":"0eebd4f1-5a7a-40d1-96ae-ed292333b19b","NotificationEditScreen_TypeErrorText":"d7c4c57b-e507-414d-b239-b96487a48bf1","NotificationEditScreen_TeamsIntegrationText":"c97c8f1c-3e33-4084-a5e4-564a179f0f51","NotificationEditScreen_TeamsIntegrationInput":"1c799f2a-6a7a-406f-a405-ac5423830379","NotificationEditScreen_TeamsIntegrationErrorText":"edd3e5f8-0dfe-489b-a989-646ed5a6bb26","NotificationEditScreen_TeamIdText":"67957b97-f47d-4f03-83e5-9d3b11ffb300","NotificationEditScreen_TeamIdInput":"0be6fe0f-c586-4b8e-817e-c90c1ad1a645","displayName1":"41bfe769-6df0-40f2-841e-bab5f7575c30","NotificationEditScreen_TeamIdErrorText":"c9fe9a42-7ddb-415d-981d-8690510f4d6a","NotificationEditScreen_ChannelIdText":"f1bc8cb4-7356-4383-9901-75664b6a332a","NotificationEditScreen_ChannelIdInput":"5edf5de4-3cb9-49d3-8f55-bf6095dcb51b","displayName2":"19fa7259-dcf0-4cbd-93ff-00181bcf53b4","NotificationEditScreen_ChannelIdErrorText":"1a5d39c9-df1e-4ab9-877b-6bf70b4fbdb7","NotificationEditScreen_ChatIdText":"0eaf468b-9a40-48fa-8642-bb85d4067fe9","NotificationEditScreen_ChatIdInput":"44e98e88-115a-4fe0-a661-d2c4533116ae","topic1":"3fb57a57-52cf-44cc-ad01-6ae2897395f3","NotificationEditScreen_ChatIdErrorText":"0e10dc64-dd26-4115-b34f-0ff2a671b470","NotificationEditScreen_ChatIdHelpText":"2ec0c606-6732-4d9e-9a69-bea39cedba7c","NotificationEditScreen_EmailText":"b37e0dcd-faa3-479a-9249-32b976e52fc0","NotificationEditScreen_EmailInput":"f01da735-e6dd-4dd4-b3c9-936a3f5b7fb1","NotificationEditScreen_EmailErrorText":"46b89cff-5ebd-4c95-9bb0-376033eb20d7","NotificationEditScreen_FooterComponent":"ae6ff0d5-f7d2-49ed-b91c-a074c5e9b040","NotificationEditScreen_MessageBoxComponent":"ab38306a-280c-48b1-aa48-ed903a84ed4d"}