{
  "properties": {
    "connectionReferences": {
      "shared_commondataserviceforapps_1": {
        "runtimeSource": "embedded",
        "connection": {
          "connectionReferenceLogicalName": "pbs_AgiliciousDataverseConnectionReference"
        },
        "api": {
          "name": "shared_commondataserviceforapps"
        }
      }
    },
    "definition": {
      "$schema": "https://schema.management.azure.com/providers/Microsoft.Logic/schemas/2016-06-01/workflowdefinition.json#",
      "contentVersion": "1.0.0.0",
      "parameters": {
        "$connections": {
          "defaultValue": {},
          "type": "Object"
        },
        "$authentication": {
          "defaultValue": {},
          "type": "SecureObject"
        }
      },
      "triggers": {
        "manual": {
          "metadata": {
            "operationMetadataId": "7b7b1b97-575e-46a2-bec7-1c3dd1a9b199"
          },
          "type": "Request",
          "kind": "PowerAppV2",
          "inputs": {
            "schema": {
              "type": "object",
              "properties": {
                "text": {
                  "title": "EntraObjectId",
                  "type": "string",
                  "x-ms-dynamically-added": true,
                  "description": "Please enter your input",
                  "x-ms-content-hint": "TEXT"
                }
              },
              "required": [
                "text"
              ]
            }
          }
        }
      },
      "actions": {
        "List_rows_-_Users": {
          "runAfter": {},
          "metadata": {
            "operationMetadataId": "39d65a2e-eeed-4526-957d-39b2740b614a"
          },
          "type": "OpenApiConnection",
          "inputs": {
            "host": {
              "connectionName": "shared_commondataserviceforapps_1",
              "operationId": "ListRecords",
              "apiId": "/providers/Microsoft.PowerApps/apis/shared_commondataserviceforapps"
            },
            "parameters": {
              "entityName": "systemusers",
              "$select": "azureactivedirectoryobjectid,domainname,systemuserid",
              "$filter": "(azureactivedirectoryobjectid eq @{triggerBody()['text']})"
            },
            "authentication": "@parameters('$authentication')"
          }
        },
        "Initialize_variable_-_varFilters": {
          "runAfter": {
            "Initialize_variable_-_varFilter": [
              "Succeeded"
            ]
          },
          "metadata": {
            "operationMetadataId": "46187710-9c59-4a4e-8713-003187face2f"
          },
          "type": "InitializeVariable",
          "inputs": {
            "variables": [
              {
                "name": "varFilters",
                "type": "array"
              }
            ]
          }
        },
        "Apply_to_each_-_User": {
          "foreach": "@outputs('List_rows_-_Users')?['body/value']",
          "actions": {
            "List_rows_-_Filters": {
              "runAfter": {},
              "metadata": {
                "operationMetadataId": "1f2887cd-55fc-4b0d-b235-b104825c9586"
              },
              "type": "OpenApiConnection",
              "inputs": {
                "host": {
                  "connectionName": "shared_commondataserviceforapps_1",
                  "operationId": "ListRecords",
                  "apiId": "/providers/Microsoft.PowerApps/apis/shared_commondataserviceforapps"
                },
                "parameters": {
                  "entityName": "pbs_agiliciousfilters",
                  "$select": "pbs_filter",
                  "$filter": "(pbs_isglobal eq true) or (_ownerid_value eq @{items('Apply_to_each_-_User')?['systemuserid']})"
                },
                "authentication": "@parameters('$authentication')"
              }
            },
            "Apply_to_each_-_Filter": {
              "foreach": "@outputs('List_rows_-_Filters')?['body/value']",
              "actions": {
                "Append_to_array_variable_-_varFilters": {
                  "runAfter": {},
                  "metadata": {
                    "operationMetadataId": "2155fcc6-211e-4c88-9b5a-eef2de2801f8"
                  },
                  "type": "AppendToArrayVariable",
                  "inputs": {
                    "name": "varFilters",
                    "value": "@items('Apply_to_each_-_Filter')?['pbs_filter']"
                  }
                }
              },
              "runAfter": {
                "List_rows_-_Filters": [
                  "Succeeded"
                ]
              },
              "metadata": {
                "operationMetadataId": "7ad2e534-90b5-4da7-9d86-0dba2f3c6c62"
              },
              "type": "Foreach"
            }
          },
          "runAfter": {
            "Initialize_variable_-_varLineBreak": [
              "Succeeded"
            ]
          },
          "metadata": {
            "operationMetadataId": "108fca16-4676-4d48-9561-627e091615fe"
          },
          "type": "Foreach"
        },
        "Initialize_variable_-_varFilter": {
          "runAfter": {
            "List_rows_-_Users": [
              "Succeeded"
            ]
          },
          "metadata": {
            "operationMetadataId": "dffc08eb-1600-41a4-b673-b5113deee169"
          },
          "type": "InitializeVariable",
          "inputs": {
            "variables": [
              {
                "name": "varFilter",
                "type": "string"
              }
            ]
          }
        },
        "Initialize_variable_-_varLineBreak": {
          "runAfter": {
            "Initialize_variable_-_varFilters": [
              "Succeeded"
            ]
          },
          "metadata": {
            "operationMetadataId": "015c7ea3-73bf-4547-9fb7-bd8a469a7bf6"
          },
          "type": "InitializeVariable",
          "inputs": {
            "variables": [
              {
                "name": "varLineBreak",
                "type": "string",
                "value": "\n"
              }
            ]
          }
        },
        "Response": {
          "runAfter": {
            "Apply_to_each_-_User": [
              "Succeeded"
            ]
          },
          "metadata": {
            "operationMetadataId": "65317677-4258-4842-9597-535fb886acb7"
          },
          "type": "Response",
          "kind": "Http",
          "inputs": {
            "statusCode": 200,
            "body": "@split(join(variables('varFilters'), variables('varLineBreak')), variables('varLineBreak'))",
            "schema": {
              "type": "array",
              "items": {
                "type": "string"
              }
            }
          }
        }
      }
    },
    "templateName": ""
  },
  "schemaVersion": "1.0.0.0"
}