{
  "properties": {
    "connectionReferences": {},
    "definition": {
      "$schema": "https://schema.management.azure.com/providers/Microsoft.Logic/schemas/2016-06-01/workflowdefinition.json#",
      "contentVersion": "1.0.0.0",
      "parameters": {
        "$authentication": {
          "defaultValue": {},
          "type": "SecureObject"
        }
      },
      "triggers": {
        "manual": {
          "metadata": {
            "operationMetadataId": "e9553c1c-a620-480c-92eb-1ec7d8bdffaf"
          },
          "type": "Request",
          "kind": "PowerAppV2",
          "inputs": {
            "schema": {
              "type": "object",
              "properties": {
                "text": {
                  "title": "Text",
                  "type": "string",
                  "x-ms-dynamically-added": true,
                  "description": "Please enter your input",
                  "x-ms-content-hint": "TEXT"
                },
                "text_1": {
                  "title": "Empty Text",
                  "type": "string",
                  "x-ms-dynamically-added": true,
                  "description": "Please enter your input",
                  "x-ms-content-hint": "TEXT"
                }
              },
              "required": [
                "text",
                "text_1"
              ]
            }
          }
        }
      },
      "actions": {
        "Initialize_variable_-_varText": {
          "runAfter": {},
          "metadata": {
            "operationMetadataId": "74a95ed3-3b06-4422-92cc-2e80a4b8f63e"
          },
          "type": "InitializeVariable",
          "inputs": {
            "variables": [
              {
                "name": "varText",
                "type": "array"
              }
            ]
          }
        },
        "Condition_-_varText": {
          "actions": {
            "Compose_-_Split_text": {
              "runAfter": {},
              "metadata": {
                "operationMetadataId": "47d407d6-2956-4d3d-ab78-f05f2b72f6c3"
              },
              "type": "Compose",
              "inputs": "@split(triggerBody()['text'], decodeUriComponent('%0A'))",
              "description": "split(triggerBody()['text'], '\\n')"
            },
            "Apply_to_each": {
              "foreach": "@outputs('Compose_-_Split_text')",
              "actions": {
                "Append_to_array_variable_-_Text": {
                  "runAfter": {},
                  "metadata": {
                    "operationMetadataId": "b57e5684-7535-4650-84fc-3a030433f27f"
                  },
                  "type": "AppendToArrayVariable",
                  "inputs": {
                    "name": "varText",
                    "value": "<li>@{items('Apply_to_each')}</li>"
                  }
                }
              },
              "runAfter": {
                "Compose_-_Split_text": [
                  "Succeeded"
                ]
              },
              "metadata": {
                "operationMetadataId": "466ab1d0-1bbe-4143-8afd-dc92838ad3c0"
              },
              "type": "Foreach"
            }
          },
          "runAfter": {
            "Initialize_variable_-_varText": [
              "Succeeded"
            ]
          },
          "else": {
            "actions": {
              "Append_to_array_variable_-_Empty_Text": {
                "runAfter": {},
                "metadata": {
                  "operationMetadataId": "02a66c1d-5a09-474b-8c05-0af0ff790f9f"
                },
                "type": "AppendToArrayVariable",
                "inputs": {
                  "name": "varText",
                  "value": "<li>@{triggerBody()['text_1']}</li>"
                }
              }
            }
          },
          "expression": {
            "not": {
              "equals": [
                "@empty(triggerBody()['text'])",
                "@true"
              ]
            }
          },
          "metadata": {
            "operationMetadataId": "69c34e40-1c30-4441-a9d3-b807ce438be1"
          },
          "type": "If"
        },
        "Join_-_varText": {
          "runAfter": {
            "Condition_-_varText": [
              "Succeeded"
            ]
          },
          "metadata": {
            "operationMetadataId": "596bd9ff-37bd-4568-bfc6-065f1b84d324"
          },
          "type": "Join",
          "inputs": {
            "from": "@variables('varText')",
            "joinWith": " "
          }
        },
        "Respond_to_a_Power_App_or_flow": {
          "runAfter": {
            "Join_-_varText": [
              "Succeeded"
            ]
          },
          "metadata": {
            "operationMetadataId": "2c398dbd-c24d-4ca8-a509-74f7e6ec469b"
          },
          "type": "Response",
          "kind": "PowerApp",
          "inputs": {
            "statusCode": 200,
            "body": {
              "formatted_text": "<ul>@{body('Join_-_varText')}</ul>"
            },
            "schema": {
              "type": "object",
              "properties": {
                "formatted_text": {
                  "title": "Formatted Text",
                  "x-ms-dynamically-added": true,
                  "type": "string"
                }
              }
            }
          }
        }
      }
    },
    "templateName": ""
  },
  "schemaVersion": "1.0.0.0"
}