{
  "properties": {
    "connectionReferences": {
      "shared_commondataserviceforapps_1": {
        "api": {
          "name": "shared_commondataserviceforapps"
        },
        "connection": {
          "connectionReferenceLogicalName": "pbs_AgiliciousDataverseConnectionReference"
        },
        "runtimeSource": "embedded"
      },
      "shared_teams": {
        "api": {
          "name": "shared_teams"
        },
        "connection": {
          "connectionReferenceLogicalName": "pbs_AgiliciousTeamsConnectionReference"
        },
        "runtimeSource": "invoker"
      },
      "shared_office365-1": {
        "api": {
          "name": "shared_office365"
        },
        "connection": {
          "connectionReferenceLogicalName": "pbs_AgiliciousOffice365OutlookConnectionReference"
        },
        "runtimeSource": "invoker"
      }
    },
    "definition": {
      "$schema": "https://schema.management.azure.com/providers/Microsoft.Logic/schemas/2016-06-01/workflowdefinition.json#",
      "contentVersion": "1.0.0.0",
      "parameters": {
        "$authentication": {
          "defaultValue": {},
          "type": "SecureObject"
        },
        "$connections": {
          "defaultValue": {},
          "type": "Object"
        }
      },
      "triggers": {
        "manual": {
          "type": "Request",
          "kind": "PowerAppV2",
          "inputs": {
            "schema": {
              "type": "object",
              "properties": {
                "text": {
                  "title": "Id",
                  "type": "string",
                  "x-ms-dynamically-added": true,
                  "description": "The unique identifier for the Report to send",
                  "x-ms-content-hint": "TEXT"
                }
              },
              "required": [
                "text"
              ]
            }
          },
          "metadata": {
            "operationMetadataId": "622e163c-b9ee-4e86-b2b8-8fc8bde86e2f"
          }
        }
      },
      "actions": {
        "Get_a_row_by_ID_-_Report": {
          "type": "OpenApiConnection",
          "inputs": {
            "parameters": {
              "entityName": "pbs_agiliciousreports",
              "recordId": "@triggerBody()['text']"
            },
            "host": {
              "apiId": "/providers/Microsoft.PowerApps/apis/shared_commondataserviceforapps",
              "operationId": "GetItem",
              "connectionName": "shared_commondataserviceforapps_1"
            }
          },
          "runAfter": {},
          "metadata": {
            "operationMetadataId": "a25f53e3-1584-49a7-a8e7-aa4a40fa4f80"
          }
        },
        "Get_a_row_by_ID_-_User": {
          "type": "OpenApiConnection",
          "inputs": {
            "parameters": {
              "entityName": "systemusers",
              "recordId": "@outputs('Get_a_row_by_ID_-_Report')?['body/_pbs_reportedby_value']"
            },
            "host": {
              "apiId": "/providers/Microsoft.PowerApps/apis/shared_commondataserviceforapps",
              "operationId": "GetItem",
              "connectionName": "shared_commondataserviceforapps_1"
            }
          },
          "runAfter": {
            "Get_a_row_by_ID_-_Report": [
              "Succeeded"
            ]
          },
          "metadata": {
            "operationMetadataId": "58668ab8-e222-4756-a02a-ac7005f631db"
          }
        },
        "Initialize_variable_-_varMessage": {
          "type": "InitializeVariable",
          "inputs": {
            "variables": [
              {
                "name": "varMessage",
                "type": "array"
              }
            ]
          },
          "runAfter": {
            "Get_a_row_by_ID_-_User": [
              "Succeeded"
            ]
          },
          "metadata": {
            "operationMetadataId": "8ac6e1fa-58ff-41dd-88cd-f6134f80da96"
          }
        },
        "Append_to_array_variable_-_Append_title": {
          "type": "AppendToArrayVariable",
          "inputs": {
            "name": "varMessage",
            "value": "📣 <b>Report</b> posted by <b>@{outputs('Get_a_row_by_ID_-_User')?['body/fullname']}</b> for <b>@{formatDateTime(outputs('Get_a_row_by_ID_-_Report')?['body/pbs_reportedon'], 'MM-dd-yyyy')}</b></br></br>"
          },
          "runAfter": {
            "Initialize_variable_-_varMessage": [
              "Succeeded"
            ]
          },
          "metadata": {
            "operationMetadataId": "ccea426f-9458-4892-9402-23f272fe13e5"
          }
        },
        "Scope_-_Yesterday": {
          "type": "Scope",
          "actions": {
            "Append_to_array_variable_-_Append_Yesterday_to_varMessage": {
              "type": "AppendToArrayVariable",
              "inputs": {
                "name": "varMessage",
                "value": "🎉 <strong>What did I accomplish yesterday</strong>"
              },
              "metadata": {
                "operationMetadataId": "752391e6-44ac-4210-947d-5a7e3cbd1cba"
              }
            },
            "Run_a_Child_Flow_-_Format_Data_for_Yesterday": {
              "type": "Workflow",
              "inputs": {
                "host": {
                  "workflowReferenceName": "2eeb3aac-3d03-f011-bae3-6045bdefcd21"
                },
                "body": {
                  "text": "@outputs('Get_a_row_by_ID_-_Report')?['body/pbs_whatdidiaccomplishyesterday']",
                  "text_1": "N/A"
                }
              },
              "runAfter": {
                "Append_to_array_variable_-_Append_Yesterday_to_varMessage": [
                  "Succeeded"
                ]
              },
              "metadata": {
                "operationMetadataId": "25945ab4-5d26-4455-8ee3-d602e8c50648"
              }
            },
            "Append_to_array_variable_-_Format_Data_for_Yesterday_to_varMessage": {
              "type": "AppendToArrayVariable",
              "inputs": {
                "name": "varMessage",
                "value": "@body('Run_a_Child_Flow_-_Format_Data_for_Yesterday')?['formatted_text']"
              },
              "runAfter": {
                "Run_a_Child_Flow_-_Format_Data_for_Yesterday": [
                  "Succeeded"
                ]
              },
              "metadata": {
                "operationMetadataId": "f61ea30e-cd31-44dc-a30f-52637e7588cd"
              }
            }
          },
          "runAfter": {
            "Append_to_array_variable_-_Append_title": [
              "Succeeded"
            ]
          },
          "metadata": {
            "operationMetadataId": "f208f02a-b579-4769-b8e1-e4ea5364c775"
          }
        },
        "Scope_-_Today": {
          "type": "Scope",
          "actions": {
            "Append_to_array_variable_-_Append_Today_to_varMessage": {
              "type": "AppendToArrayVariable",
              "inputs": {
                "name": "varMessage",
                "value": "📅 <strong>What will I do today</strong>"
              },
              "metadata": {
                "operationMetadataId": "752391e6-44ac-4210-947d-5a7e3cbd1cba"
              }
            },
            "Run_a_Child_Flow_-_Format_Data_for_Today": {
              "type": "Workflow",
              "inputs": {
                "host": {
                  "workflowReferenceName": "2eeb3aac-3d03-f011-bae3-6045bdefcd21"
                },
                "body": {
                  "text": "@outputs('Get_a_row_by_ID_-_Report')?['body/pbs_whatwillidotoday']",
                  "text_1": "N/A"
                }
              },
              "runAfter": {
                "Append_to_array_variable_-_Append_Today_to_varMessage": [
                  "Succeeded"
                ]
              },
              "metadata": {
                "operationMetadataId": "004fb544-155b-4fb4-9f1a-e7b826be9ab6"
              }
            },
            "Append_to_array_variable_-_Format_Data_for_Today_to_varMessage": {
              "type": "AppendToArrayVariable",
              "inputs": {
                "name": "varMessage",
                "value": "@body('Run_a_Child_Flow_-_Format_Data_for_Today')?['formatted_text']"
              },
              "runAfter": {
                "Run_a_Child_Flow_-_Format_Data_for_Today": [
                  "Succeeded"
                ]
              },
              "metadata": {
                "operationMetadataId": "7ff9f9a5-15d0-4bf8-b544-3a9cf62ad729"
              }
            }
          },
          "runAfter": {
            "Scope_-_Yesterday": [
              "Succeeded"
            ]
          },
          "metadata": {
            "operationMetadataId": "3c8becd0-87ed-4a9c-b60c-7d563b64d93f"
          }
        },
        "Scope_-_Blockers": {
          "type": "Scope",
          "actions": {
            "Append_to_array_variable_-_Append_Blockers_to_varMessage": {
              "type": "AppendToArrayVariable",
              "inputs": {
                "name": "varMessage",
                "value": "🛑 <strong>Are there any impediments or blockers</strong>"
              },
              "metadata": {
                "operationMetadataId": "defc077f-01c8-4dec-a861-b65efaab5dad"
              }
            },
            "Run_a_Child_Flow_-_Format_Data_for_Blockers": {
              "type": "Workflow",
              "inputs": {
                "host": {
                  "workflowReferenceName": "2eeb3aac-3d03-f011-bae3-6045bdefcd21"
                },
                "body": {
                  "text": "@outputs('Get_a_row_by_ID_-_Report')?['body/pbs_arethereanyimpedimentsorblockers']",
                  "text_1": "N/A"
                }
              },
              "runAfter": {
                "Append_to_array_variable_-_Append_Blockers_to_varMessage": [
                  "Succeeded"
                ]
              },
              "metadata": {
                "operationMetadataId": "f5b71c1d-3ad5-44b7-a83d-195dd936234a"
              }
            },
            "Append_to_array_variable_-_Format_Data_for_Blockers_to_varMessage": {
              "type": "AppendToArrayVariable",
              "inputs": {
                "name": "varMessage",
                "value": "@body('Run_a_Child_Flow_-_Format_Data_for_Blockers')?['formatted_text']"
              },
              "runAfter": {
                "Run_a_Child_Flow_-_Format_Data_for_Blockers": [
                  "Succeeded"
                ]
              },
              "metadata": {
                "operationMetadataId": "7107c542-62ce-419b-8dea-69f351b8bafe"
              }
            }
          },
          "runAfter": {
            "Scope_-_Today": [
              "Succeeded"
            ]
          },
          "metadata": {
            "operationMetadataId": "836d90a0-aeaa-45a1-b7e2-30cf16f47222"
          }
        },
        "Scope_-_Notes": {
          "type": "Scope",
          "actions": {
            "Condition_-_Notes": {
              "type": "If",
              "expression": {
                "not": {
                  "equals": [
                    "@empty(outputs('Get_a_row_by_ID_-_Report')?['body/pbs_othernotes'])",
                    "@true"
                  ]
                }
              },
              "actions": {
                "Append_to_array_variable_-_Append_Notes_to_varMessage": {
                  "type": "AppendToArrayVariable",
                  "inputs": {
                    "name": "varMessage",
                    "value": "🗒️ <strong>Other notes</strong>"
                  },
                  "metadata": {
                    "operationMetadataId": "752391e6-44ac-4210-947d-5a7e3cbd1cba"
                  }
                },
                "Append_to_array_variable_-_Format_Data_for_Notes_to_varMessage": {
                  "type": "AppendToArrayVariable",
                  "inputs": {
                    "name": "varMessage",
                    "value": "@body('Run_a_Child_Flow_-_Format_Data_for_Notes')?['formatted_text']"
                  },
                  "runAfter": {
                    "Run_a_Child_Flow_-_Format_Data_for_Notes": [
                      "Succeeded"
                    ]
                  },
                  "metadata": {
                    "operationMetadataId": "b8f327f9-93f1-457f-b4fe-57edd8929cd8"
                  }
                },
                "Run_a_Child_Flow_-_Format_Data_for_Notes": {
                  "type": "Workflow",
                  "inputs": {
                    "host": {
                      "workflowReferenceName": "2eeb3aac-3d03-f011-bae3-6045bdefcd21"
                    },
                    "body": {
                      "text": "@outputs('Get_a_row_by_ID_-_Report')?['body/pbs_othernotes']",
                      "text_1": "N/A"
                    }
                  },
                  "runAfter": {
                    "Append_to_array_variable_-_Append_Notes_to_varMessage": [
                      "Succeeded"
                    ]
                  },
                  "metadata": {
                    "operationMetadataId": "25945ab4-5d26-4455-8ee3-d602e8c50648"
                  }
                }
              },
              "else": {
                "actions": {}
              },
              "metadata": {
                "operationMetadataId": "c26178d4-f564-4f3d-8aae-a59cc7862d06"
              }
            }
          },
          "runAfter": {
            "Scope_-_Blockers": [
              "Succeeded"
            ]
          },
          "metadata": {
            "operationMetadataId": "13e2d51e-1fe9-4126-91e4-131487e416d6"
          }
        },
        "Join_-_varMessage": {
          "type": "Join",
          "inputs": {
            "from": "@variables('varMessage')",
            "joinWith": " "
          },
          "runAfter": {
            "Scope_-_Notes": [
              "Succeeded"
            ]
          },
          "metadata": {
            "operationMetadataId": "9a2ecca9-a038-4701-93aa-6fbc29926683"
          }
        },
        "List_rows_-_Notifications": {
          "type": "OpenApiConnection",
          "inputs": {
            "parameters": {
              "entityName": "pbs_agiliciousnotifications",
              "$filter": "(_ownerid_value eq @{outputs('Get_a_row_by_ID_-_User')?['body/systemuserid']}) or pbs_isglobal eq true"
            },
            "host": {
              "apiId": "/providers/Microsoft.PowerApps/apis/shared_commondataserviceforapps",
              "operationId": "ListRecords",
              "connectionName": "shared_commondataserviceforapps_1"
            }
          },
          "runAfter": {
            "Join_-_varMessage": [
              "Succeeded"
            ]
          },
          "metadata": {
            "operationMetadataId": "ca7ba6b5-9353-414c-8862-3a613366cb71"
          }
        },
        "Apply_to_each_-_Notification": {
          "type": "Foreach",
          "foreach": "@outputs('List_rows_-_Notifications')?['body/value']",
          "actions": {
            "Condition_-_Teams_notification": {
              "type": "If",
              "expression": {
                "equals": [
                  "@items('Apply_to_each_-_Notification')?['pbs_agiliciousnotificationtype']",
                  1
                ]
              },
              "actions": {
                "Condition_-_Post_in_channel": {
                  "type": "If",
                  "expression": {
                    "or": [
                      {
                        "equals": [
                          "@items('Apply_to_each_-_Notification')?['pbs_agiliciousnotificationteamsintegration']",
                          1
                        ]
                      }
                    ]
                  },
                  "actions": {
                    "Post_message_in_a_chat_or_channel_-_Channel": {
                      "type": "OpenApiConnection",
                      "inputs": {
                        "parameters": {
                          "poster": "User",
                          "location": "Channel",
                          "body/recipient/groupId": "@items('Apply_to_each_-_Notification')?['pbs_teamid']",
                          "body/recipient/channelId": "@items('Apply_to_each_-_Notification')?['pbs_channelid']",
                          "body/messageBody": "<p>@{body('Join_-_varMessage')}</p>"
                        },
                        "host": {
                          "apiId": "/providers/Microsoft.PowerApps/apis/shared_teams",
                          "operationId": "PostMessageToConversation",
                          "connectionName": "shared_teams"
                        }
                      },
                      "metadata": {
                        "operationMetadataId": "9739b2c4-4956-4f2e-b9af-1e952a6d58df"
                      }
                    }
                  },
                  "else": {
                    "actions": {
                      "Post_message_in_a_chat_or_channel_-_Chat": {
                        "type": "OpenApiConnection",
                        "inputs": {
                          "parameters": {
                            "poster": "User",
                            "location": "Group chat",
                            "body/recipient": "@items('Apply_to_each_-_Notification')?['pbs_chatid']",
                            "body/messageBody": "<p>@{body('Join_-_varMessage')}</p>"
                          },
                          "host": {
                            "apiId": "/providers/Microsoft.PowerApps/apis/shared_teams",
                            "operationId": "PostMessageToConversation",
                            "connectionName": "shared_teams"
                          }
                        },
                        "metadata": {
                          "operationMetadataId": "3460b651-7f0d-4d14-a8f6-b66f072da85a"
                        }
                      }
                    }
                  },
                  "metadata": {
                    "operationMetadataId": "88f4e925-f51d-432c-b841-d8f42c2eab60"
                  }
                }
              },
              "else": {
                "actions": {
                  "Send_an_email_(V2)": {
                    "type": "OpenApiConnection",
                    "inputs": {
                      "parameters": {
                        "emailMessage/To": "@item()?['pbs_email']",
                        "emailMessage/Subject": "[AGILICIOUS] Report for @{outputs('Get_a_row_by_ID_-_User')?['body/fullname']} on @{outputs('Get_a_row_by_ID_-_Report')?['body/pbs_reportedon']}",
                        "emailMessage/Body": "<p class=\"editor-paragraph\">@{body('Join_-_varMessage')}</p>",
                        "emailMessage/Importance": "Normal"
                      },
                      "host": {
                        "apiId": "/providers/Microsoft.PowerApps/apis/shared_office365",
                        "operationId": "SendEmailV2",
                        "connectionName": "shared_office365-1"
                      }
                    },
                    "metadata": {
                      "operationMetadataId": "9165df43-8cdc-4162-b5c5-d6a47c90cbe4"
                    }
                  }
                }
              },
              "metadata": {
                "operationMetadataId": "fc6aaf20-a46e-4c88-ab5d-e967476e934d"
              }
            }
          },
          "runAfter": {
            "List_rows_-_Notifications": [
              "Succeeded"
            ]
          },
          "metadata": {
            "operationMetadataId": "b75a919e-3b0b-426e-a383-97dd9d369f35"
          }
        }
      }
    },
    "templateName": null
  },
  "schemaVersion": "1.0.0.0"
}