{
  "properties": {
    "connectionReferences": {
      "shared_office365": {
        "runtimeSource": "invoker",
        "connection": {
          "connectionReferenceLogicalName": "pbs_AgiliciousOffice365OutlookConnectionReference"
        },
        "api": {
          "name": "shared_office365"
        }
      }
    },
    "definition": {
      "$schema": "https://schema.management.azure.com/providers/Microsoft.Logic/schemas/2016-06-01/workflowdefinition.json#",
      "contentVersion": "1.0.0.0",
      "parameters": {
        "$connections": {
          "defaultValue": {},
          "type": "Object"
        },
        "$authentication": {
          "defaultValue": {},
          "type": "SecureObject"
        }
      },
      "triggers": {
        "manual": {
          "metadata": {
            "operationMetadataId": "4d68516e-ab56-44fb-a984-07421fbfc94d"
          },
          "type": "Request",
          "kind": "PowerAppV2",
          "inputs": {
            "schema": {
              "type": "object",
              "properties": {
                "date": {
                  "title": "Date",
                  "type": "string",
                  "format": "date",
                  "x-ms-dynamically-added": true,
                  "description": "Please enter or select a date (YYYY-MM-DD)",
                  "x-ms-content-hint": "DATE"
                }
              },
              "required": [
                "date"
              ]
            }
          }
        }
      },
      "actions": {
        "Get_calendars_(V2)": {
          "runAfter": {
            "Initialize_variable_-_varEnd": [
              "Succeeded"
            ]
          },
          "metadata": {
            "operationMetadataId": "0c214380-db3d-4a54-bf64-5e34effc6a0d"
          },
          "type": "OpenApiConnection",
          "inputs": {
            "host": {
              "connectionName": "shared_office365",
              "operationId": "CalendarGetTables_V2",
              "apiId": "/providers/Microsoft.PowerApps/apis/shared_office365"
            },
            "parameters": {},
            "authentication": "@parameters('$authentication')"
          }
        },
        "Parse_JSON_-_Calendars": {
          "runAfter": {
            "Get_calendars_(V2)": [
              "Succeeded"
            ]
          },
          "metadata": {
            "operationMetadataId": "598eccc8-0055-4f98-8a77-3e4e30d0d26d"
          },
          "type": "ParseJson",
          "inputs": {
            "content": "@outputs('Get_calendars_(V2)')?['body/value']",
            "schema": {
              "type": "array",
              "items": {
                "type": "object",
                "properties": {
                  "id": {
                    "type": "string"
                  },
                  "name": {
                    "type": "string"
                  },
                  "color": {
                    "type": "string"
                  },
                  "hexColor": {
                    "type": "string"
                  },
                  "isDefaultCalendar": {
                    "type": "boolean"
                  },
                  "changeKey": {
                    "type": "string"
                  },
                  "canShare": {
                    "type": "boolean"
                  },
                  "canViewPrivateItems": {
                    "type": "boolean"
                  },
                  "canEdit": {
                    "type": "boolean"
                  },
                  "allowedOnlineMeetingProviders": {
                    "type": "array"
                  },
                  "defaultOnlineMeetingProvider": {
                    "type": "string"
                  },
                  "isTallyingResponses": {
                    "type": "boolean"
                  },
                  "isRemovable": {
                    "type": "boolean"
                  },
                  "owner": {
                    "type": "object",
                    "properties": {
                      "name": {
                        "type": "string"
                      },
                      "address": {
                        "type": "string"
                      }
                    }
                  }
                },
                "required": [
                  "id",
                  "name",
                  "color",
                  "hexColor",
                  "isDefaultCalendar",
                  "changeKey",
                  "canShare",
                  "canViewPrivateItems",
                  "canEdit",
                  "allowedOnlineMeetingProviders",
                  "defaultOnlineMeetingProvider",
                  "isTallyingResponses",
                  "isRemovable",
                  "owner"
                ]
              }
            }
          }
        },
        "Filter_array_-_isDefaultCalendar": {
          "runAfter": {
            "Parse_JSON_-_Calendars": [
              "Succeeded"
            ]
          },
          "metadata": {
            "operationMetadataId": "127bbdb2-2301-4fd8-9ffd-4a7f624ce381"
          },
          "type": "Query",
          "inputs": {
            "from": "@body('Parse_JSON_-_Calendars')",
            "where": "@equals(item()['isDefaultCalendar'], true)"
          }
        },
        "Initialize_variable_-_varDefaultCalendarId": {
          "runAfter": {
            "Filter_array_-_isDefaultCalendar": [
              "Succeeded"
            ]
          },
          "metadata": {
            "operationMetadataId": "6aa34c5d-acc2-4b36-b300-363465af55fa"
          },
          "type": "InitializeVariable",
          "inputs": {
            "variables": [
              {
                "name": "varDefaultCalendarId",
                "type": "string"
              }
            ]
          }
        },
        "Apply_to_each_-_Calendar": {
          "foreach": "@body('Filter_array_-_isDefaultCalendar')",
          "actions": {
            "Set_variable_-_varDefaultCalendarId": {
              "runAfter": {},
              "metadata": {
                "operationMetadataId": "239ee2dd-4c66-4fa1-9d0f-9af746036016"
              },
              "type": "SetVariable",
              "inputs": {
                "name": "varDefaultCalendarId",
                "value": "@items('Apply_to_each_-_Calendar')?['id']"
              }
            }
          },
          "runAfter": {
            "Initialize_variable_-_varDefaultCalendarId": [
              "Succeeded"
            ]
          },
          "metadata": {
            "operationMetadataId": "b001ff9b-fa90-4415-a895-0c4e2abbb676"
          },
          "type": "Foreach"
        },
        "Get_events_(V4)_-_Events": {
          "runAfter": {
            "Apply_to_each_-_Calendar": [
              "Succeeded"
            ]
          },
          "metadata": {
            "operationMetadataId": "a3a04833-8bbe-4c26-adf2-1a9f06bfee8d"
          },
          "type": "OpenApiConnection",
          "inputs": {
            "host": {
              "connectionName": "shared_office365",
              "operationId": "V4CalendarGetItems",
              "apiId": "/providers/Microsoft.PowerApps/apis/shared_office365"
            },
            "parameters": {
              "table": "@variables('varDefaultCalendarId')",
              "$filter": "start/dateTime ge '2025-03-18T00:00:00Z' and end/dateTime le '2025-03-18T23:59:59Z'",
              "$orderby": "start/dateTime"
            },
            "authentication": "@parameters('$authentication')"
          }
        },
        "Initialize_variable_-_varStart": {
          "runAfter": {},
          "metadata": {
            "operationMetadataId": "44f9dec0-bc63-4ae7-b9e6-11cbe5e55a5b"
          },
          "type": "InitializeVariable",
          "inputs": {
            "variables": [
              {
                "name": "varStart",
                "type": "string",
                "value": "@{formatDateTime(triggerBody()['date'], 'yyyy-MM-ddT00:00:00.000Z')\r\n}"
              }
            ]
          }
        },
        "Initialize_variable_-_varEnd": {
          "runAfter": {
            "Initialize_variable_-_varStart": [
              "Succeeded"
            ]
          },
          "metadata": {
            "operationMetadataId": "2239da3f-96ea-45a3-aa6a-8ab6c5ce4a57"
          },
          "type": "InitializeVariable",
          "inputs": {
            "variables": [
              {
                "name": "varEnd",
                "type": "string",
                "value": "@{formatDateTime(triggerBody()['date'], 'yyyy-MM-ddT23:59:59.999Z')\r\n}"
              }
            ]
          }
        },
        "Respond_to_a_Power_App_or_flow": {
          "runAfter": {
            "Join_-_Events": [
              "Succeeded"
            ]
          },
          "metadata": {
            "operationMetadataId": "ceb4c329-d15a-45a3-810f-f99e8f8c0aba"
          },
          "type": "Response",
          "kind": "PowerApp",
          "inputs": {
            "statusCode": 200,
            "body": {
              "result": "@body('Join_-_Events')"
            },
            "schema": {
              "type": "object",
              "properties": {
                "result": {
                  "title": "Result",
                  "x-ms-dynamically-added": true,
                  "type": "string"
                }
              }
            }
          }
        },
        "Initialize_variable_-_varEvents": {
          "runAfter": {
            "Get_events_(V4)_-_Events": [
              "Succeeded"
            ]
          },
          "metadata": {
            "operationMetadataId": "cd31e234-ab6f-41e6-9700-d2c0d7e25b77"
          },
          "type": "InitializeVariable",
          "inputs": {
            "variables": [
              {
                "name": "varEvents",
                "type": "array"
              }
            ]
          }
        },
        "Apply_to_each_-_Event": {
          "foreach": "@outputs('Get_events_(V4)_-_Events')?['body/value']",
          "actions": {
            "Append_to_array_variable_-_varEvents": {
              "runAfter": {},
              "metadata": {
                "operationMetadataId": "80178225-9347-4920-a2bb-b8047794ecd7"
              },
              "type": "AppendToArrayVariable",
              "inputs": {
                "name": "varEvents",
                "value": "@trim(items('Apply_to_each_-_Event')?['subject'])"
              }
            }
          },
          "runAfter": {
            "Initialize_variable_-_varEvents": [
              "Succeeded"
            ]
          },
          "metadata": {
            "operationMetadataId": "a344a7e6-ca6f-4318-9202-9fa631c703f8"
          },
          "type": "Foreach"
        },
        "Join_-_Events": {
          "runAfter": {
            "Apply_to_each_-_Event": [
              "Succeeded"
            ]
          },
          "metadata": {
            "operationMetadataId": "3b378a6c-af43-473f-8ff2-9d1624348b86"
          },
          "type": "Join",
          "inputs": {
            "from": "@variables('varEvents')",
            "joinWith": "\\n"
          }
        }
      }
    },
    "templateName": ""
  },
  "schemaVersion": "1.0.0.0"
}