{
  "properties": {
    "connectionReferences": {
      "shared_commondataserviceforapps_1": {
        "runtimeSource": "embedded",
        "connection": {
          "connectionReferenceLogicalName": "pbs_AgiliciousDataverseConnectionReference"
        },
        "api": {
          "name": "shared_commondataserviceforapps"
        }
      }
    },
    "definition": {
      "$schema": "https://schema.management.azure.com/providers/Microsoft.Logic/schemas/2016-06-01/workflowdefinition.json#",
      "contentVersion": "1.0.0.0",
      "parameters": {
        "$connections": {
          "defaultValue": {},
          "type": "Object"
        },
        "$authentication": {
          "defaultValue": {},
          "type": "SecureObject"
        }
      },
      "triggers": {
        "When_a_row_is_added_or_modified_-_Reports": {
          "metadata": {
            "operationMetadataId": "2e0a7ef0-db63-4f9a-985b-051a33d51976"
          },
          "type": "OpenApiConnectionWebhook",
          "inputs": {
            "host": {
              "connectionName": "shared_commondataserviceforapps_1",
              "operationId": "SubscribeWebhookTrigger",
              "apiId": "/providers/Microsoft.PowerApps/apis/shared_commondataserviceforapps"
            },
            "parameters": {
              "subscriptionRequest/message": 4,
              "subscriptionRequest/entityname": "pbs_agiliciousreport",
              "subscriptionRequest/scope": 4,
              "subscriptionRequest/filteringattributes": "pbs_reportedby,pbs_reportedon"
            },
            "authentication": "@parameters('$authentication')"
          }
        }
      },
      "actions": {
        "Update_a_row_-_Reports": {
          "runAfter": {
            "Get_a_row_by_ID_-_User": [
              "Succeeded"
            ]
          },
          "metadata": {
            "operationMetadataId": "5c5a0713-a444-4e0c-b680-4a8cb7ebb246"
          },
          "type": "OpenApiConnection",
          "inputs": {
            "host": {
              "connectionName": "shared_commondataserviceforapps_1",
              "operationId": "UpdateOnlyRecord",
              "apiId": "/providers/Microsoft.PowerApps/apis/shared_commondataserviceforapps"
            },
            "parameters": {
              "entityName": "pbs_agiliciousreports",
              "recordId": "@triggerOutputs()?['body/pbs_agiliciousreportid']",
              "item/pbs_name": "Report for @{outputs('Get_a_row_by_ID_-_User')?['body/fullname']} for @{triggerOutputs()?['body/pbs_reportedon']}"
            },
            "authentication": "@parameters('$authentication')"
          }
        },
        "Get_a_row_by_ID_-_User": {
          "runAfter": {},
          "metadata": {
            "operationMetadataId": "2fb90bcf-6bd8-43f8-95cf-03b302f07c67"
          },
          "type": "OpenApiConnection",
          "inputs": {
            "host": {
              "connectionName": "shared_commondataserviceforapps_1",
              "operationId": "GetItem",
              "apiId": "/providers/Microsoft.PowerApps/apis/shared_commondataserviceforapps"
            },
            "parameters": {
              "entityName": "systemusers",
              "recordId": "@triggerOutputs()?['body/_pbs_reportedby_value']"
            },
            "authentication": "@parameters('$authentication')"
          }
        }
      }
    },
    "templateName": ""
  },
  "schemaVersion": "1.0.0.0"
}